function_id,x1,x2,x3,x4,x5,x6,x7,x8,acquisition_score
1,0.6099906653624328,0.42699762131627883,,,,,,,0.05757052256404202
2,0.12256550967387159,0.258113074772773,,,,,,,0.0016750592370991385
3,0.8677756226376487,0.8887789737697196,0.8675145885879391,,,,,,0.03257470538792312
4,0.9879639261780004,0.6516679861289945,0.7434618676844106,0.43910224753454574,,,,,3.5967420575584507e-06
5,0.8133723731766811,0.8338831701118552,0.9180464242035424,0.9937704122709047,,,,,0.1617460372746884
6,0.43806234295606206,0.7667151288288456,0.6820066735075749,0.9351785257391207,0.5768488166091541,,,,0.016300337112198898
7,0.015250043878705655,0.8274300130289286,0.20824492242337234,0.1199142454429355,0.44867343693190065,0.7404036808767603,,,0.031279548451819114
8,0.9238075212012816,0.6556416176170042,0.6977571649300993,0.675039947912583,0.9896246357679132,0.8782386314006466,0.9708133572865766,0.2894007772045375,2.5538805543547536
