function_id,x1,x2,x3,x4,x5,x6,x7,x8,acquisition_score
1,0.43999444053536607,0.8457940865823855,,,,,,,0.052890578095653173
2,0.7731168142156147,0.9298256906852956,,,,,,,0.0013475098014596697
3,0.40837552000079524,0.8922790945697939,0.9162448470599676,,,,,,0.030313448899862674
4,0.9202601347042111,0.6518511251692939,0.6655844814142542,0.45750943618112216,,,,,0.0014440101636131776
5,0.9993906920353685,0.703661164904608,0.9696127128918952,0.9579629008448254,,,,,49.39362618743066
6,0.9996772668609495,0.5102924302754319,0.9338321698354167,0.08020573126737451,0.5605267454838927,,,,0.04293499726073363
7,0.009931694800765278,0.23733279381218308,0.7457446993833838,0.6679452321015394,0.45813124266167804,0.5624361866296375,,,0.014713336277312632
8,0.22323575946119678,0.05543601449851676,0.9197611905976766,0.5718503199658752,0.9849557444887931,0.9817752919901415,0.07453288098599997,0.8453279789316958,2.0309463516801474
