function_id,x1,x2,x3,x4,x5,x6,x7,x8,acquisition_score
1,0.43999444053536607,0.8457940865823855,,,,,,,0.0528903487645381
2,0.7731168142156147,0.9298256906852956,,,,,,,0.001347516252901677
3,0.40837552000079524,0.8922790945697939,0.9162448470599676,,,,,,0.030313448899862674
4,0.9202601347042111,0.6518511251692939,0.6655844814142542,0.45750943618112216,,,,,0.001443977986218179
5,0.9993906920353685,0.703661164904608,0.9696127128918952,0.9579629008448254,,,,,49.39362618743066
6,0.9996772668609495,0.5102924302754319,0.9338321698354167,0.08020573126737451,0.5605267454838927,,,,0.04293499726073363
7,0.6302718253530689,0.3442165572750886,0.07827289290865724,0.6841180012541377,0.3028863207516067,0.7259993919228849,,,8.207353975352464e-05
8,0.06201639308920981,0.9084147826736576,0.717657045023388,0.798928591192169,0.8546020442691334,0.48396938065280637,0.2650727286816382,0.20563320736865998,4.108691269491236
