function_id,x1,x2,x3,x4,x5,x6,x7,x8,acquisition_score
1,0.33723723289610286,0.9969098875959829,,,,,,,0.3705783031268899
2,0.06773256764113877,0.7876928531589199,,,,,,,0.0028862168913312055
3,0.936515830435645,0.06127393030557471,0.9053096199051887,,,,,,0.025957878872012927
4,0.5400073641369745,0.6514910355122351,0.876118392880837,0.9047683746279813,,,,,0.011238316690051023
5,0.9865912776548658,0.8660878847845225,0.978810727286093,0.9973734045588786,,,,,0.10604125387719887
6,0.9606564366550471,0.9212332623385393,0.9832040611851385,0.5994710385619887,0.5806446395502057,,,,0.03582957956309401
7,0.8927082990661009,0.337676965765885,0.45547874236414965,0.15456282060825166,0.2526073193406281,0.772068714201644,,,0.04745790039463791
8,0.8479185274006753,0.0030191430824227927,0.21455156818897247,0.8809831041288486,0.26455765057067304,0.3774113250060537,0.9515748495856329,0.9456866589723164,3.1379884579176
