function_id,x1,x2,x3,x4,x5,x6,x7,x8,acquisition_score
1,0.6414512369234661,0.7188842312952357,,,,,,,0.0
2,0.8223570728782176,0.9235647722429606,,,,,,,0.01601682637205685
3,0.9965836548221797,0.3480020278312306,0.5721755439499777,,,,,,0.0008166899007105775
4,0.16611086821512044,0.16576867134177198,0.38018855893980885,0.999988801248576,,,,,1.349812458573761
5,0.0552536615712127,0.998934366292964,0.0032039329516705406,0.297081983525071,,,,,1477.1133399011044
6,0.01557777662508475,0.5846734771946229,0.9964318506660219,0.03275693369493926,0.15418482994662208,,,,0.016603001193130865
7,0.1126597180767469,0.3759294504158852,0.5293381718637064,0.7599163713816827,0.12028994427277839,0.6650485214108693,,,0.06696668232234297
8,0.6910307548280317,0.9717195216856399,0.3377646793229995,0.6568257518155239,0.07419869524283995,0.79505219899457,0.8145436141017953,0.005975957620609651,0.14251857975959056
