function_id,x1,x2,x3,x4,x5,x6,x7,x8,acquisition_score
1,0.3513851698969356,0.11636777743412685,,,,,,,0.26485768262067155
2,0.623971789525395,0.41707882918010886,,,,,,,0.00220122234929444
3,0.3870450759581494,0.7877854357516032,0.9098585003485185,,,,,,0.024732258667900096
4,0.19100018231236005,0.6513860044770808,0.3591619776134327,0.1341962028138377,,,,,9.286921531431146e-07
5,0.8000995246278992,0.5225955442106849,0.9938264208321247,0.9998292532147316,,,,,32.20787605328172
6,0.9839366157575419,0.9849351328744271,0.49466793290605315,0.7991440113034972,0.5974784197867962,,,,0.0997218543648407
7,0.017006401233775836,0.18841289162817398,0.09848217038354778,0.09350741991794254,0.30483136878045436,0.726050282198682,,,0.020064899193078994
8,0.8528937045511714,0.24265407908718473,0.6010200936669433,0.46169878628715977,0.08762891038722265,0.3959131147644642,0.12443372046044998,0.26284314430801525,2.440713999572926
