function_id,x1,x2,x3,x4,x5,x6,x7,x8,acquisition_score
1,0.9935764639339594,0.0012441494101979034,,,,,,,0.00651965985598919
2,0.010596723083815873,0.011535634021526797,,,,,,,0.007144037519158065
3,0.9691985460908848,0.08941303671984158,0.019873050314906604,,,,,,0.007464079662394564
4,0.12009902226771363,0.02624982343919746,0.00798860684349434,0.9307170804645012,,,,,0.0074042438441542496
5,0.00988958980629906,0.17878489335810754,0.08272640127870601,0.011287702768114749,,,,,0.007972432552432457
6,0.0990386508622878,0.044045008996784984,0.06410361721283409,0.9906839947150191,0.05516393725747115,,,,0.007956627320125828
7,0.731563281190577,0.8827441124136203,0.9860620438778197,0.0759126076862805,0.9997971262580698,0.23667416404027408,,,0.0077377317480389705
8,0.8874607447670753,0.17918164371757994,0.03144273124512076,0.3167455286516957,0.0003777339304934513,0.6338685845247375,0.9825348486033997,0.8685585307153822,0.00808666161827337
