function_id,round,source,x1,x2,x3,x4,x5,x6,x7,x8,y
1,8,kaggle,0.993576,0.001244,0,0,0,0,0,0,0
2,8,kaggle,0.010597,0.011536,0,0,0,0,0,0,-0.042056515506728696
3,8,kaggle,0.969199,0.089413,0.019873,0,0,0,0,0,-0.11926422580866924
4,8,kaggle,0.120099,0.026250,0.007989,0.930717,0,0,0,0,-28.06871790987908
5,8,kaggle,0.009890,0.178785,0.082726,0.011288,0,0,0,0,161.7938628361769
6,8,kaggle,0.099039,0.044045,0.064104,0.990684,0.055164,0,0,0,-1.5281183333421178
7,8,kaggle,0.731563,0.882744,0.986062,0.075913,0.999797,0.236674,0,0,0.023168736678656838
8,8,kaggle,0.887461,0.179182,0.031443,0.316746,0.000378,0.633869,0.982535,0.868559,7.1324610558699
