round,source,x1,x2,x3,y
1,kaggle,0.408376,0.892279,0.916245,-0.15345891384197569
6,kaggle,0.936516,0.061274,0.90531,-0.16504019029582775
7,kaggle,0.387045,0.787785,0.909859,-0.09428844747066098
8,kaggle,0.867776,0.888779,0.867515,-0.07768993696049387
