round,source,x1,x2,x3,x4,x5,x6,y
1,kaggle,0.630272,0.344217,0.078273,0.684118,0.302886,0.725999,0.2916251176840933
6,kaggle,0.892708,0.337677,0.455479,0.154563,0.252607,0.772069,0.5561292296247439
7,kaggle,0.017006,0.188413,0.098482,0.093507,0.304831,0.72605,1.5518772385254398
8,kaggle,0.01525,0.82743,0.208245,0.119914,0.448673,0.740404,0.26750875259824225
