round,source,x1,x2,x3,x4,y
1,kaggle,0.999391,0.703661,0.969613,0.957963,4369.239318181538
6,kaggle,0.986591,0.866088,0.978811,0.997373,6065.515500492326
7,kaggle,0.8001,0.522596,0.993826,0.999829,2771.7958003448334
8,kaggle,0.813372,0.833883,0.918046,0.99377,3215.6604795720255
