round,source,x1,x2,y
1,kaggle,0.439994,0.845794,-1.4419331976610464e-58
6,kaggle,0.337237,0.99691,-3.804856906004179e-154
7,kaggle,0.351385,0.116368,-7.140782405473071e-69
8,kaggle,0.609991,0.426998,5.722038229264154e-26
