round,source,x1,x2,x3,x4,y
1,kaggle,0.92026,0.651851,0.665584,0.457509,-20.656357132270916
6,kaggle,0.540007,0.651491,0.876118,0.904768,-25.154033310264733
7,kaggle,0.191,0.651386,0.359162,0.134196,-10.343849992615784
8,kaggle,0.987964,0.651668,0.743462,0.439102,-24.013048199912827
