round,source,x1,x2,y
1,kaggle,0.773117,0.929826,0.3594551047918857
6,kaggle,0.067733,0.787693,0.030560624902781906
7,kaggle,0.623972,0.417079,0.08203293333916903
8,kaggle,0.122566,0.258113,-0.046747745924137246
