round,source,x1,x2,x3,x4,x5,x6,x7,x8,y
1,kaggle,0.062016,0.908415,0.717657,0.798929,0.854602,0.483969,0.265073,0.205633,7.939020817385101
6,kaggle,0.847919,0.003019,0.214552,0.880983,0.264558,0.377411,0.951575,0.945687,7.003790614066101
7,kaggle,0.852894,0.242654,0.60102,0.461699,0.087629,0.395913,0.124434,0.262843,7.8076224486446
8,kaggle,0.923808,0.655642,0.697757,0.67504,0.989625,0.878239,0.970813,0.289401,5.785299794109401
