round,source,x1,x2,x3,x4,x5,y
1,kaggle,0.999677,0.510292,0.933832,0.080206,0.560527,-2.152736614425762
6,kaggle,0.960656,0.921233,0.983204,0.599471,0.580645,-2.0513280570712826
7,kaggle,0.983937,0.984935,0.494668,0.799144,0.597478,-1.8462798476078255
8,kaggle,0.438062,0.766715,0.682007,0.935179,0.576849,-1.1136640332172365
