round,source,x1,x2,x3,x4,x5,x6,x7,x8,y
5,legacy_week5,0.19,0.04,0.61,0.41,0.93,0.29,0.74,0.59,64.4
5,legacy_week5,0.76,0.54,0.66,0.36,0.03,0.12,0.1,0.15,18.3
5,legacy_week5,0.44,0.8,0.21,0.15,0.12,0.1,0.5,0.48,0.11
5,legacy_week5,0.03,0.07,0.015,0.05,1.0,0.85,0.55,0.92,9.536385
6,kaggle,0.847919,0.003019,0.214552,0.880983,0.264558,0.377411,0.951575,0.945687,7.003790614066101
7,kaggle,0.852894,0.242654,0.60102,0.461699,0.087629,0.395913,0.124434,0.262843,7.8076224486446
