function_id,round,source,x1,x2,x3,x4,x5,x6,x7,x8,y
1,1,kaggle,0.439994,0.845794,,,,,,,-1.4419331976610464e-58
2,1,kaggle,0.773117,0.929826,,,,,,,0.3594551047918857
3,1,kaggle,0.408376,0.892279,0.916245,,,,,,-0.15345891384197569
4,1,kaggle,0.920260,0.651851,0.665584,0.457509,,,,,-20.656357132270916
5,1,kaggle,0.999391,0.703661,0.969613,0.957963,,,,,4369.239318181538
6,1,kaggle,0.999677,0.510292,0.933832,0.080206,0.560527,,,,-2.152736614425762
7,1,kaggle,0.630272,0.344217,0.078273,0.684118,0.302886,0.725999,,,0.2916251176840933
8,1,kaggle,0.062016,0.908415,0.717657,0.798929,0.854602,0.483969,0.265073,0.205633,7.939020817385101
