function_id,round,source,x1,x2,x3,x4,x5,x6,x7,x8,y
1,8,kaggle,0.609991,0.426998,,,,,,,5.722038229264154e-26
2,8,kaggle,0.122566,0.258113,,,,,,,-0.046747745924137246
3,8,kaggle,0.867776,0.888779,0.867515,,,,,,-0.07768993696049387
4,8,kaggle,0.987964,0.651668,0.743462,0.439102,,,,,-24.013048199912827
5,8,kaggle,0.813372,0.833883,0.918046,0.99377,,,,,3215.6604795720255
6,8,kaggle,0.438062,0.766715,0.682007,0.935179,0.576849,,,,-1.1136640332172365
7,8,kaggle,0.01525,0.82743,0.208245,0.119914,0.448673,0.740404,,,0.26750875259824225
8,8,kaggle,0.923808,0.655642,0.697757,0.67504,0.989625,0.878239,0.970813,0.289401,5.785299794109401
