function_id,round,source,x1,x2,x3,x4,x5,x6,x7,x8,y
1,7,kaggle,0.351385,0.116368,0,0,0,0,0,0,-7.140782405473071e-69
2,7,kaggle,0.623972,0.417079,0,0,0,0,0,0,0.08203293333916903
3,7,kaggle,0.387045,0.787785,0.909859,0,0,0,0,0,-0.09428844747066098
4,7,kaggle,0.191000,0.651386,0.359162,0.134196,0,0,0,0,-10.343849992615784
5,7,kaggle,0.800100,0.522596,0.993826,0.999829,0,0,0,0,2771.7958003448334
6,7,kaggle,0.983937,0.984935,0.494668,0.799144,0.597478,0,0,0,-1.8462798476078255
7,7,kaggle,0.017006,0.188413,0.098482,0.093507,0.304831,0.726050,0,0,1.5518772385254398
8,7,kaggle,0.852894,0.242654,0.601020,0.461699,0.087629,0.395913,0.124434,0.262843,7.8076224486446
